Pain Point Description,Source (Reddit/G2/Twitter/etc),Category (Price/Speed/Quality/Privacy/Ease/Features/Trust/FileSize),Frequency (# of mentions),Intensity (1-10),PDFLab Fit (1-10),Impact Score (Freq x Int x Fit),Messaging Opportunity,Priority Rank
Adobe too expensive for occasional use,Reddit r/consulting,Price,0,0,0,"=D2*E2*F2",,
Conversion speed too slow,G2 Adobe reviews,Speed,0,0,0,"=D3*E3*F3",,
Poor formatting accuracy,Twitter complaints,Quality,0,0,0,"=D4*E4*F4",,
Privacy/data security concerns,LinkedIn posts,Privacy,0,0,0,"=D5*E5*F5",,
File size limits too restrictive,Smallpdf reviews,FileSize,0,0,0,"=D6*E6*F6",,
Interface too complex,Adobe reviews,Ease,0,0,0,"=D7*E7*F7",,
No batch processing,ProductHunt comments,Features,0,0,0,"=D8*E8*F8",,
Unreliable/crashes frequently,TrustPilot iLovePDF,Trust,0,0,0,"=D9*E9*F9",,
Subscription fatigue,Reddit r/startups,Price,0,0,0,"=D10*E10*F10",,
Missing specific format support,Quora questions,Features,0,0,0,"=D11*E11*F11",,
No team/multi-user option,LinkedIn B2B discussions,Features,0,0,0,"=D12*E12*F12",,
Too many unused features,Adobe reviews,Ease,0,0,0,"=D13*E13*F13",,
No API access,Twitter developer discussions,Features,0,0,0,"=D14*E14*F14",,
Hidden fees/surprise charges,Review sites,Price,0,0,0,"=D15*E15*F15",,
Poor customer support,TrustPilot various,Trust,0,0,0,"=D16*E16*F16",,
Requires software installation,Reddit preferences,Ease,0,0,0,"=D17*E17*F17",,
Ads on free tier,Free tool complaints,Ease,0,0,0,"=D18*E18*F18",,
Watermarks on output,Free tool complaints,Features,0,0,0,"=D19*E19*F19",,
OCR not available,Quora questions,Features,0,0,0,"=D20*E20*F20",,
No mobile support,Mobile user complaints,Features,0,0,0,"=D21*E21*F21",,
,,,0,0,0,"=D22*E22*F22",,
,,,0,0,0,"=D23*E23*F23",,
,,,0,0,0,"=D24*E24*F24",,
,,,0,0,0,"=D25*E25*F25",,
,,,0,0,0,"=D26*E26*F26",,
